{
    "accuracy": 0.8666666666666667,
    "precision": 0.8704453441295547,
    "recall": 0.8630952380952381,
    "f1": 0.865
}