{
    "accuracy": 0.7222222222222222,
    "precision": 0.7296650717703349,
    "recall": 0.7142857142857143,
    "f1": 0.7142857142857142
}